<?xml version="1.0" encoding="UTF-8" ?>
<!DOCTYPE mapper PUBLIC "-//mybatis.org//DTD Mapper 3.0//EN" "http://mybatis.org/dtd/mybatis-3-mapper.dtd" >
<mapper namespace="com.igeekhome.edu.dao.AuthorMapper" >
  <resultMap id="BaseResultMap" type="com.igeekhome.edu.model.Author" >
    <id column="author_id" property="authorId" jdbcType="INTEGER" />
    <result column="author_name" property="authorName" jdbcType="VARCHAR" />
    <result column="createtime" property="createtime" jdbcType="TIMESTAMP" />
    <result column="isdel" property="isdel" jdbcType="INTEGER" />
  </resultMap>
  <resultMap id="ResultMapWithBLOBs" type="com.igeekhome.edu.model.Author" extends="BaseResultMap" >
    <result column="author_comment" property="authorComment" jdbcType="LONGVARBINARY" />
  </resultMap>
  <sql id="Example_Where_Clause" >
    <where >
      <foreach collection="oredCriteria" item="criteria" separator="or" >
        <if test="criteria.valid" >
          <trim prefix="(" suffix=")" prefixOverrides="and" >
            <foreach collection="criteria.criteria" item="criterion" >
              <choose >
                <when test="criterion.noValue" >
                  and ${criterion.condition}
                </when>
                <when test="criterion.singleValue" >
                  and ${criterion.condition} #{criterion.value}
                </when>
                <when test="criterion.betweenValue" >
                  and ${criterion.condition} #{criterion.value} and #{criterion.secondValue}
                </when>
                <when test="criterion.listValue" >
                  and ${criterion.condition}
                  <foreach collection="criterion.value" item="listItem" open="(" close=")" separator="," >
                    #{listItem}
                  </foreach>
                </when>
              </choose>
            </foreach>
          </trim>
        </if>
      </foreach>
    </where>
  </sql>
  <sql id="Update_By_Example_Where_Clause" >
    <where >
      <foreach collection="example.oredCriteria" item="criteria" separator="or" >
        <if test="criteria.valid" >
          <trim prefix="(" suffix=")" prefixOverrides="and" >
            <foreach collection="criteria.criteria" item="criterion" >
              <choose >
                <when test="criterion.noValue" >
                  and ${criterion.condition}
                </when>
                <when test="criterion.singleValue" >
                  and ${criterion.condition} #{criterion.value}
                </when>
                <when test="criterion.betweenValue" >
                  and ${criterion.condition} #{criterion.value} and #{criterion.secondValue}
                </when>
                <when test="criterion.listValue" >
                  and ${criterion.condition}
                  <foreach collection="criterion.value" item="listItem" open="(" close=")" separator="," >
                    #{listItem}
                  </foreach>
                </when>
              </choose>
            </foreach>
          </trim>
        </if>
      </foreach>
    </where>
  </sql>
  <sql id="Base_Column_List" >
    author_id, author_name, createtime, isdel
  </sql>
  <sql id="Blob_Column_List" >
    author_comment
  </sql>
  <select id="selectByExampleWithBLOBs" resultMap="ResultMapWithBLOBs" parameterType="com.igeekhome.edu.model.AuthorExample" >
    select
    <if test="distinct" >
      distinct
    </if>
    <include refid="Base_Column_List" />
    ,
    <include refid="Blob_Column_List" />
    from authors
    <if test="_parameter != null" >
      <include refid="Example_Where_Clause" />
    </if>
    <if test="orderByClause != null" >
      order by ${orderByClause}
    </if>
  </select>
  <select id="selectByExample" resultMap="BaseResultMap" parameterType="com.igeekhome.edu.model.AuthorExample" >
    select
    <if test="distinct" >
      distinct
    </if>
    <include refid="Base_Column_List" />
    from authors
    <if test="_parameter != null" >
      <include refid="Example_Where_Clause" />
    </if>
    <if test="orderByClause != null" >
      order by ${orderByClause}
    </if>
  </select>
  <select id="selectByPrimaryKey" resultMap="ResultMapWithBLOBs" parameterType="java.lang.Integer" >
    select 
    <include refid="Base_Column_List" />
    ,
    <include refid="Blob_Column_List" />
    from authors
    where author_id = #{authorId,jdbcType=INTEGER}
  </select>
  <delete id="deleteByPrimaryKey" parameterType="java.lang.Integer" >
    delete from authors
    where author_id = #{authorId,jdbcType=INTEGER}
  </delete>
  <delete id="deleteByExample" parameterType="com.igeekhome.edu.model.AuthorExample" >
    delete from authors
    <if test="_parameter != null" >
      <include refid="Example_Where_Clause" />
    </if>
  </delete>
  <insert id="insert" parameterType="com.igeekhome.edu.model.Author" >
    insert into authors (author_id, author_name, createtime, 
      isdel, author_comment)
    values (#{authorId,jdbcType=INTEGER}, #{authorName,jdbcType=VARCHAR}, #{createtime,jdbcType=TIMESTAMP}, 
      #{isdel,jdbcType=INTEGER}, #{authorComment,jdbcType=LONGVARBINARY})
  </insert>
  <insert id="insertSelective" parameterType="com.igeekhome.edu.model.Author" >
    insert into authors
    <trim prefix="(" suffix=")" suffixOverrides="," >
      <if test="authorId != null" >
        author_id,
      </if>
      <if test="authorName != null" >
        author_name,
      </if>
      <if test="createtime != null" >
        createtime,
      </if>
      <if test="isdel != null" >
        isdel,
      </if>
      <if test="authorComment != null" >
        author_comment,
      </if>
    </trim>
    <trim prefix="values (" suffix=")" suffixOverrides="," >
      <if test="authorId != null" >
        #{authorId,jdbcType=INTEGER},
      </if>
      <if test="authorName != null" >
        #{authorName,jdbcType=VARCHAR},
      </if>
      <if test="createtime != null" >
        #{createtime,jdbcType=TIMESTAMP},
      </if>
      <if test="isdel != null" >
        #{isdel,jdbcType=INTEGER},
      </if>
      <if test="authorComment != null" >
        #{authorComment,jdbcType=LONGVARBINARY},
      </if>
    </trim>
  </insert>
  <select id="countByExample" parameterType="com.igeekhome.edu.model.AuthorExample" resultType="java.lang.Integer" >
    select count(*) from authors
    <if test="_parameter != null" >
      <include refid="Example_Where_Clause" />
    </if>
  </select>
  <update id="updateByExampleSelective" parameterType="map" >
    update authors
    <set >
      <if test="record.authorId != null" >
        author_id = #{record.authorId,jdbcType=INTEGER},
      </if>
      <if test="record.authorName != null" >
        author_name = #{record.authorName,jdbcType=VARCHAR},
      </if>
      <if test="record.createtime != null" >
        createtime = #{record.createtime,jdbcType=TIMESTAMP},
      </if>
      <if test="record.isdel != null" >
        isdel = #{record.isdel,jdbcType=INTEGER},
      </if>
      <if test="record.authorComment != null" >
        author_comment = #{record.authorComment,jdbcType=LONGVARBINARY},
      </if>
    </set>
    <if test="_parameter != null" >
      <include refid="Update_By_Example_Where_Clause" />
    </if>
  </update>
  <update id="updateByExampleWithBLOBs" parameterType="map" >
    update authors
    set author_id = #{record.authorId,jdbcType=INTEGER},
      author_name = #{record.authorName,jdbcType=VARCHAR},
      createtime = #{record.createtime,jdbcType=TIMESTAMP},
      isdel = #{record.isdel,jdbcType=INTEGER},
      author_comment = #{record.authorComment,jdbcType=LONGVARBINARY}
    <if test="_parameter != null" >
      <include refid="Update_By_Example_Where_Clause" />
    </if>
  </update>
  <update id="updateByExample" parameterType="map" >
    update authors
    set author_id = #{record.authorId,jdbcType=INTEGER},
      author_name = #{record.authorName,jdbcType=VARCHAR},
      createtime = #{record.createtime,jdbcType=TIMESTAMP},
      isdel = #{record.isdel,jdbcType=INTEGER}
    <if test="_parameter != null" >
      <include refid="Update_By_Example_Where_Clause" />
    </if>
  </update>
  <update id="updateByPrimaryKeySelective" parameterType="com.igeekhome.edu.model.Author" >
    update authors
    <set >
      <if test="authorName != null" >
        author_name = #{authorName,jdbcType=VARCHAR},
      </if>
      <if test="createtime != null" >
        createtime = #{createtime,jdbcType=TIMESTAMP},
      </if>
      <if test="isdel != null" >
        isdel = #{isdel,jdbcType=INTEGER},
      </if>
      <if test="authorComment != null" >
        author_comment = #{authorComment,jdbcType=LONGVARBINARY},
      </if>
    </set>
    where author_id = #{authorId,jdbcType=INTEGER}
  </update>
  <update id="updateByPrimaryKeyWithBLOBs" parameterType="com.igeekhome.edu.model.Author" >
    update authors
    set author_name = #{authorName,jdbcType=VARCHAR},
      createtime = #{createtime,jdbcType=TIMESTAMP},
      isdel = #{isdel,jdbcType=INTEGER},
      author_comment = #{authorComment,jdbcType=LONGVARBINARY}
    where author_id = #{authorId,jdbcType=INTEGER}
  </update>
  <update id="updateByPrimaryKey" parameterType="com.igeekhome.edu.model.Author" >
    update authors
    set author_name = #{authorName,jdbcType=VARCHAR},
      createtime = #{createtime,jdbcType=TIMESTAMP},
      isdel = #{isdel,jdbcType=INTEGER}
    where author_id = #{authorId,jdbcType=INTEGER}
  </update>
</mapper>