<?xml version="1.0" encoding="UTF-8" ?>
<!DOCTYPE mapper PUBLIC "-//mybatis.org//DTD Mapper 3.0//EN" "http://mybatis.org/dtd/mybatis-3-mapper.dtd" >
<mapper namespace="com.igeekhome.edu.dao.CategorieMapper" >
  <resultMap id="BaseResultMap" type="com.igeekhome.edu.model.Categorie" >
    <id column="categorie_id" property="categorieId" jdbcType="INTEGER" />
    <result column="categorie_name" property="categorieName" jdbcType="VARCHAR" />
    <result column="createtime" property="createtime" jdbcType="TIMESTAMP" />
    <result column="isdel" property="isdel" jdbcType="INTEGER" />
  </resultMap>
  <sql id="Example_Where_Clause" >
    <where >
      <foreach collection="oredCriteria" item="criteria" separator="or" >
        <if test="criteria.valid" >
          <trim prefix="(" suffix=")" prefixOverrides="and" >
            <foreach collection="criteria.criteria" item="criterion" >
              <choose >
                <when test="criterion.noValue" >
                  and ${criterion.condition}
                </when>
                <when test="criterion.singleValue" >
                  and ${criterion.condition} #{criterion.value}
                </when>
                <when test="criterion.betweenValue" >
                  and ${criterion.condition} #{criterion.value} and #{criterion.secondValue}
                </when>
                <when test="criterion.listValue" >
                  and ${criterion.condition}
                  <foreach collection="criterion.value" item="listItem" open="(" close=")" separator="," >
                    #{listItem}
                  </foreach>
                </when>
              </choose>
            </foreach>
          </trim>
        </if>
      </foreach>
    </where>
  </sql>
  <sql id="Update_By_Example_Where_Clause" >
    <where >
      <foreach collection="example.oredCriteria" item="criteria" separator="or" >
        <if test="criteria.valid" >
          <trim prefix="(" suffix=")" prefixOverrides="and" >
            <foreach collection="criteria.criteria" item="criterion" >
              <choose >
                <when test="criterion.noValue" >
                  and ${criterion.condition}
                </when>
                <when test="criterion.singleValue" >
                  and ${criterion.condition} #{criterion.value}
                </when>
                <when test="criterion.betweenValue" >
                  and ${criterion.condition} #{criterion.value} and #{criterion.secondValue}
                </when>
                <when test="criterion.listValue" >
                  and ${criterion.condition}
                  <foreach collection="criterion.value" item="listItem" open="(" close=")" separator="," >
                    #{listItem}
                  </foreach>
                </when>
              </choose>
            </foreach>
          </trim>
        </if>
      </foreach>
    </where>
  </sql>
  <sql id="Base_Column_List" >
    categorie_id, categorie_name, createtime, isdel
  </sql>
  <select id="selectByExample" resultMap="BaseResultMap" parameterType="com.igeekhome.edu.model.CategorieExample" >
    select
    <if test="distinct" >
      distinct
    </if>
    <include refid="Base_Column_List" />
    from categories
    <if test="_parameter != null" >
      <include refid="Example_Where_Clause" />
    </if>
    <if test="orderByClause != null" >
      order by ${orderByClause}
    </if>
  </select>
  <select id="selectByPrimaryKey" resultMap="BaseResultMap" parameterType="java.lang.Integer" >
    select 
    <include refid="Base_Column_List" />
    from categories
    where categorie_id = #{categorieId,jdbcType=INTEGER}
  </select>
  <delete id="deleteByPrimaryKey" parameterType="java.lang.Integer" >
    delete from categories
    where categorie_id = #{categorieId,jdbcType=INTEGER}
  </delete>
  <delete id="deleteByExample" parameterType="com.igeekhome.edu.model.CategorieExample" >
    delete from categories
    <if test="_parameter != null" >
      <include refid="Example_Where_Clause" />
    </if>
  </delete>
  <insert id="insert" parameterType="com.igeekhome.edu.model.Categorie" >
    insert into categories (categorie_id, categorie_name, createtime, 
      isdel)
    values (#{categorieId,jdbcType=INTEGER}, #{categorieName,jdbcType=VARCHAR}, #{createtime,jdbcType=TIMESTAMP}, 
      #{isdel,jdbcType=INTEGER})
  </insert>
  <insert id="insertSelective" parameterType="com.igeekhome.edu.model.Categorie" >
    insert into categories
    <trim prefix="(" suffix=")" suffixOverrides="," >
      <if test="categorieId != null" >
        categorie_id,
      </if>
      <if test="categorieName != null" >
        categorie_name,
      </if>
      <if test="createtime != null" >
        createtime,
      </if>
      <if test="isdel != null" >
        isdel,
      </if>
    </trim>
    <trim prefix="values (" suffix=")" suffixOverrides="," >
      <if test="categorieId != null" >
        #{categorieId,jdbcType=INTEGER},
      </if>
      <if test="categorieName != null" >
        #{categorieName,jdbcType=VARCHAR},
      </if>
      <if test="createtime != null" >
        #{createtime,jdbcType=TIMESTAMP},
      </if>
      <if test="isdel != null" >
        #{isdel,jdbcType=INTEGER},
      </if>
    </trim>
  </insert>
  <select id="countByExample" parameterType="com.igeekhome.edu.model.CategorieExample" resultType="java.lang.Integer" >
    select count(*) from categories
    <if test="_parameter != null" >
      <include refid="Example_Where_Clause" />
    </if>
  </select>
  <update id="updateByExampleSelective" parameterType="map" >
    update categories
    <set >
      <if test="record.categorieId != null" >
        categorie_id = #{record.categorieId,jdbcType=INTEGER},
      </if>
      <if test="record.categorieName != null" >
        categorie_name = #{record.categorieName,jdbcType=VARCHAR},
      </if>
      <if test="record.createtime != null" >
        createtime = #{record.createtime,jdbcType=TIMESTAMP},
      </if>
      <if test="record.isdel != null" >
        isdel = #{record.isdel,jdbcType=INTEGER},
      </if>
    </set>
    <if test="_parameter != null" >
      <include refid="Update_By_Example_Where_Clause" />
    </if>
  </update>
  <update id="updateByExample" parameterType="map" >
    update categories
    set categorie_id = #{record.categorieId,jdbcType=INTEGER},
      categorie_name = #{record.categorieName,jdbcType=VARCHAR},
      createtime = #{record.createtime,jdbcType=TIMESTAMP},
      isdel = #{record.isdel,jdbcType=INTEGER}
    <if test="_parameter != null" >
      <include refid="Update_By_Example_Where_Clause" />
    </if>
  </update>
  <update id="updateByPrimaryKeySelective" parameterType="com.igeekhome.edu.model.Categorie" >
    update categories
    <set >
      <if test="categorieName != null" >
        categorie_name = #{categorieName,jdbcType=VARCHAR},
      </if>
      <if test="createtime != null" >
        createtime = #{createtime,jdbcType=TIMESTAMP},
      </if>
      <if test="isdel != null" >
        isdel = #{isdel,jdbcType=INTEGER},
      </if>
    </set>
    where categorie_id = #{categorieId,jdbcType=INTEGER}
  </update>
  <update id="updateByPrimaryKey" parameterType="com.igeekhome.edu.model.Categorie" >
    update categories
    set categorie_name = #{categorieName,jdbcType=VARCHAR},
      createtime = #{createtime,jdbcType=TIMESTAMP},
      isdel = #{isdel,jdbcType=INTEGER}
    where categorie_id = #{categorieId,jdbcType=INTEGER}
  </update>
</mapper>