<?xml version="1.0" encoding="UTF-8" ?>
<!DOCTYPE mapper PUBLIC "-//mybatis.org//DTD Mapper 3.0//EN" "http://mybatis.org/dtd/mybatis-3-mapper.dtd" >
<mapper namespace="com.igeekhome.edu.dao.CommentMapper" >
  <resultMap id="BaseResultMap" type="com.igeekhome.edu.model.Comment" >
    <id column="comment_id" property="commentId" jdbcType="INTEGER" />
    <result column="createtime" property="createtime" jdbcType="TIMESTAMP" />
    <result column="isdel" property="isdel" jdbcType="INTEGER" />
  </resultMap>
  <resultMap id="ResultMapWithBLOBs" type="com.igeekhome.edu.model.Comment" extends="BaseResultMap" >
    <result column="comment_content" property="commentContent" jdbcType="LONGVARBINARY" />
  </resultMap>
  <sql id="Example_Where_Clause" >
    <where >
      <foreach collection="oredCriteria" item="criteria" separator="or" >
        <if test="criteria.valid" >
          <trim prefix="(" suffix=")" prefixOverrides="and" >
            <foreach collection="criteria.criteria" item="criterion" >
              <choose >
                <when test="criterion.noValue" >
                  and ${criterion.condition}
                </when>
                <when test="criterion.singleValue" >
                  and ${criterion.condition} #{criterion.value}
                </when>
                <when test="criterion.betweenValue" >
                  and ${criterion.condition} #{criterion.value} and #{criterion.secondValue}
                </when>
                <when test="criterion.listValue" >
                  and ${criterion.condition}
                  <foreach collection="criterion.value" item="listItem" open="(" close=")" separator="," >
                    #{listItem}
                  </foreach>
                </when>
              </choose>
            </foreach>
          </trim>
        </if>
      </foreach>
    </where>
  </sql>
  <sql id="Update_By_Example_Where_Clause" >
    <where >
      <foreach collection="example.oredCriteria" item="criteria" separator="or" >
        <if test="criteria.valid" >
          <trim prefix="(" suffix=")" prefixOverrides="and" >
            <foreach collection="criteria.criteria" item="criterion" >
              <choose >
                <when test="criterion.noValue" >
                  and ${criterion.condition}
                </when>
                <when test="criterion.singleValue" >
                  and ${criterion.condition} #{criterion.value}
                </when>
                <when test="criterion.betweenValue" >
                  and ${criterion.condition} #{criterion.value} and #{criterion.secondValue}
                </when>
                <when test="criterion.listValue" >
                  and ${criterion.condition}
                  <foreach collection="criterion.value" item="listItem" open="(" close=")" separator="," >
                    #{listItem}
                  </foreach>
                </when>
              </choose>
            </foreach>
          </trim>
        </if>
      </foreach>
    </where>
  </sql>
  <sql id="Base_Column_List" >
    comment_id, createtime, isdel
  </sql>
  <sql id="Blob_Column_List" >
    comment_content
  </sql>
  <select id="selectByExampleWithBLOBs" resultMap="ResultMapWithBLOBs" parameterType="com.igeekhome.edu.model.CommentExample" >
    select
    <if test="distinct" >
      distinct
    </if>
    <include refid="Base_Column_List" />
    ,
    <include refid="Blob_Column_List" />
    from comments
    <if test="_parameter != null" >
      <include refid="Example_Where_Clause" />
    </if>
    <if test="orderByClause != null" >
      order by ${orderByClause}
    </if>
  </select>
  <select id="selectByExample" resultMap="BaseResultMap" parameterType="com.igeekhome.edu.model.CommentExample" >
    select
    <if test="distinct" >
      distinct
    </if>
    <include refid="Base_Column_List" />
    from comments
    <if test="_parameter != null" >
      <include refid="Example_Where_Clause" />
    </if>
    <if test="orderByClause != null" >
      order by ${orderByClause}
    </if>
  </select>
  <select id="selectByPrimaryKey" resultMap="ResultMapWithBLOBs" parameterType="java.lang.Integer" >
    select 
    <include refid="Base_Column_List" />
    ,
    <include refid="Blob_Column_List" />
    from comments
    where comment_id = #{commentId,jdbcType=INTEGER}
  </select>
  <delete id="deleteByPrimaryKey" parameterType="java.lang.Integer" >
    delete from comments
    where comment_id = #{commentId,jdbcType=INTEGER}
  </delete>
  <delete id="deleteByExample" parameterType="com.igeekhome.edu.model.CommentExample" >
    delete from comments
    <if test="_parameter != null" >
      <include refid="Example_Where_Clause" />
    </if>
  </delete>
  <insert id="insert" parameterType="com.igeekhome.edu.model.Comment" >
    insert into comments (comment_id, createtime, isdel, 
      comment_content)
    values (#{commentId,jdbcType=INTEGER}, #{createtime,jdbcType=TIMESTAMP}, #{isdel,jdbcType=INTEGER}, 
      #{commentContent,jdbcType=LONGVARBINARY})
  </insert>
  <insert id="insertSelective" parameterType="com.igeekhome.edu.model.Comment" >
    insert into comments
    <trim prefix="(" suffix=")" suffixOverrides="," >
      <if test="commentId != null" >
        comment_id,
      </if>
      <if test="createtime != null" >
        createtime,
      </if>
      <if test="isdel != null" >
        isdel,
      </if>
      <if test="commentContent != null" >
        comment_content,
      </if>
    </trim>
    <trim prefix="values (" suffix=")" suffixOverrides="," >
      <if test="commentId != null" >
        #{commentId,jdbcType=INTEGER},
      </if>
      <if test="createtime != null" >
        #{createtime,jdbcType=TIMESTAMP},
      </if>
      <if test="isdel != null" >
        #{isdel,jdbcType=INTEGER},
      </if>
      <if test="commentContent != null" >
        #{commentContent,jdbcType=LONGVARBINARY},
      </if>
    </trim>
  </insert>
  <select id="countByExample" parameterType="com.igeekhome.edu.model.CommentExample" resultType="java.lang.Integer" >
    select count(*) from comments
    <if test="_parameter != null" >
      <include refid="Example_Where_Clause" />
    </if>
  </select>
  <update id="updateByExampleSelective" parameterType="map" >
    update comments
    <set >
      <if test="record.commentId != null" >
        comment_id = #{record.commentId,jdbcType=INTEGER},
      </if>
      <if test="record.createtime != null" >
        createtime = #{record.createtime,jdbcType=TIMESTAMP},
      </if>
      <if test="record.isdel != null" >
        isdel = #{record.isdel,jdbcType=INTEGER},
      </if>
      <if test="record.commentContent != null" >
        comment_content = #{record.commentContent,jdbcType=LONGVARBINARY},
      </if>
    </set>
    <if test="_parameter != null" >
      <include refid="Update_By_Example_Where_Clause" />
    </if>
  </update>
  <update id="updateByExampleWithBLOBs" parameterType="map" >
    update comments
    set comment_id = #{record.commentId,jdbcType=INTEGER},
      createtime = #{record.createtime,jdbcType=TIMESTAMP},
      isdel = #{record.isdel,jdbcType=INTEGER},
      comment_content = #{record.commentContent,jdbcType=LONGVARBINARY}
    <if test="_parameter != null" >
      <include refid="Update_By_Example_Where_Clause" />
    </if>
  </update>
  <update id="updateByExample" parameterType="map" >
    update comments
    set comment_id = #{record.commentId,jdbcType=INTEGER},
      createtime = #{record.createtime,jdbcType=TIMESTAMP},
      isdel = #{record.isdel,jdbcType=INTEGER}
    <if test="_parameter != null" >
      <include refid="Update_By_Example_Where_Clause" />
    </if>
  </update>
  <update id="updateByPrimaryKeySelective" parameterType="com.igeekhome.edu.model.Comment" >
    update comments
    <set >
      <if test="createtime != null" >
        createtime = #{createtime,jdbcType=TIMESTAMP},
      </if>
      <if test="isdel != null" >
        isdel = #{isdel,jdbcType=INTEGER},
      </if>
      <if test="commentContent != null" >
        comment_content = #{commentContent,jdbcType=LONGVARBINARY},
      </if>
    </set>
    where comment_id = #{commentId,jdbcType=INTEGER}
  </update>
  <update id="updateByPrimaryKeyWithBLOBs" parameterType="com.igeekhome.edu.model.Comment" >
    update comments
    set createtime = #{createtime,jdbcType=TIMESTAMP},
      isdel = #{isdel,jdbcType=INTEGER},
      comment_content = #{commentContent,jdbcType=LONGVARBINARY}
    where comment_id = #{commentId,jdbcType=INTEGER}
  </update>
  <update id="updateByPrimaryKey" parameterType="com.igeekhome.edu.model.Comment" >
    update comments
    set createtime = #{createtime,jdbcType=TIMESTAMP},
      isdel = #{isdel,jdbcType=INTEGER}
    where comment_id = #{commentId,jdbcType=INTEGER}
  </update>
</mapper>