<?xml version="1.0" encoding="UTF-8" ?>
<!DOCTYPE mapper PUBLIC "-//mybatis.org//DTD Mapper 3.0//EN" "http://mybatis.org/dtd/mybatis-3-mapper.dtd" >
<mapper namespace="com.igeekhome.edu.dao.NoteMapper" >
  <resultMap id="BaseResultMap" type="com.igeekhome.edu.model.Note" >
    <id column="note_id" property="noteId" jdbcType="INTEGER" />
    <result column="note_name" property="noteName" jdbcType="VARCHAR" />
    <result column="createtime" property="createtime" jdbcType="TIMESTAMP" />
    <result column="category" property="category" jdbcType="INTEGER" />
    <result column="author" property="author" jdbcType="INTEGER" />
    <result column="isdel" property="isdel" jdbcType="INTEGER" />
  </resultMap>
  <resultMap id="ResultMapWithBLOBs" type="com.igeekhome.edu.model.Note" extends="BaseResultMap" >
    <result column="note_content" property="noteContent" jdbcType="LONGVARBINARY" />
  </resultMap>
  <sql id="Example_Where_Clause" >
    <where >
      <foreach collection="oredCriteria" item="criteria" separator="or" >
        <if test="criteria.valid" >
          <trim prefix="(" suffix=")" prefixOverrides="and" >
            <foreach collection="criteria.criteria" item="criterion" >
              <choose >
                <when test="criterion.noValue" >
                  and ${criterion.condition}
                </when>
                <when test="criterion.singleValue" >
                  and ${criterion.condition} #{criterion.value}
                </when>
                <when test="criterion.betweenValue" >
                  and ${criterion.condition} #{criterion.value} and #{criterion.secondValue}
                </when>
                <when test="criterion.listValue" >
                  and ${criterion.condition}
                  <foreach collection="criterion.value" item="listItem" open="(" close=")" separator="," >
                    #{listItem}
                  </foreach>
                </when>
              </choose>
            </foreach>
          </trim>
        </if>
      </foreach>
    </where>
  </sql>
  <sql id="Update_By_Example_Where_Clause" >
    <where >
      <foreach collection="example.oredCriteria" item="criteria" separator="or" >
        <if test="criteria.valid" >
          <trim prefix="(" suffix=")" prefixOverrides="and" >
            <foreach collection="criteria.criteria" item="criterion" >
              <choose >
                <when test="criterion.noValue" >
                  and ${criterion.condition}
                </when>
                <when test="criterion.singleValue" >
                  and ${criterion.condition} #{criterion.value}
                </when>
                <when test="criterion.betweenValue" >
                  and ${criterion.condition} #{criterion.value} and #{criterion.secondValue}
                </when>
                <when test="criterion.listValue" >
                  and ${criterion.condition}
                  <foreach collection="criterion.value" item="listItem" open="(" close=")" separator="," >
                    #{listItem}
                  </foreach>
                </when>
              </choose>
            </foreach>
          </trim>
        </if>
      </foreach>
    </where>
  </sql>
  <sql id="Base_Column_List" >
    note_id, note_name, createtime, category, author, isdel
  </sql>
  <sql id="Blob_Column_List" >
    note_content
  </sql>
  <select id="selectByExampleWithBLOBs" resultMap="ResultMapWithBLOBs" parameterType="com.igeekhome.edu.model.NoteExample" >
    select
    <if test="distinct" >
      distinct
    </if>
    <include refid="Base_Column_List" />
    ,
    <include refid="Blob_Column_List" />
    from notes
    <if test="_parameter != null" >
      <include refid="Example_Where_Clause" />
    </if>
    <if test="orderByClause != null" >
      order by ${orderByClause}
    </if>
  </select>
  <select id="selectByExample" resultMap="BaseResultMap" parameterType="com.igeekhome.edu.model.NoteExample" >
    select
    <if test="distinct" >
      distinct
    </if>
    <include refid="Base_Column_List" />
    from notes
    <if test="_parameter != null" >
      <include refid="Example_Where_Clause" />
    </if>
    <if test="orderByClause != null" >
      order by ${orderByClause}
    </if>
  </select>
  <select id="selectByPrimaryKey" resultMap="ResultMapWithBLOBs" parameterType="java.lang.Integer" >
    select 
    <include refid="Base_Column_List" />
    ,
    <include refid="Blob_Column_List" />
    from notes
    where note_id = #{noteId,jdbcType=INTEGER}
  </select>
  <delete id="deleteByPrimaryKey" parameterType="java.lang.Integer" >
    delete from notes
    where note_id = #{noteId,jdbcType=INTEGER}
  </delete>
  <delete id="deleteByExample" parameterType="com.igeekhome.edu.model.NoteExample" >
    delete from notes
    <if test="_parameter != null" >
      <include refid="Example_Where_Clause" />
    </if>
  </delete>
  <insert id="insert" parameterType="com.igeekhome.edu.model.Note" >
    insert into notes (note_id, note_name, createtime, 
      category, author, isdel, 
      note_content)
    values (#{noteId,jdbcType=INTEGER}, #{noteName,jdbcType=VARCHAR}, #{createtime,jdbcType=TIMESTAMP}, 
      #{category,jdbcType=INTEGER}, #{author,jdbcType=INTEGER}, #{isdel,jdbcType=INTEGER}, 
      #{noteContent,jdbcType=LONGVARBINARY})
  </insert>
  <insert id="insertSelective" parameterType="com.igeekhome.edu.model.Note" >
    insert into notes
    <trim prefix="(" suffix=")" suffixOverrides="," >
      <if test="noteId != null" >
        note_id,
      </if>
      <if test="noteName != null" >
        note_name,
      </if>
      <if test="createtime != null" >
        createtime,
      </if>
      <if test="category != null" >
        category,
      </if>
      <if test="author != null" >
        author,
      </if>
      <if test="isdel != null" >
        isdel,
      </if>
      <if test="noteContent != null" >
        note_content,
      </if>
    </trim>
    <trim prefix="values (" suffix=")" suffixOverrides="," >
      <if test="noteId != null" >
        #{noteId,jdbcType=INTEGER},
      </if>
      <if test="noteName != null" >
        #{noteName,jdbcType=VARCHAR},
      </if>
      <if test="createtime != null" >
        #{createtime,jdbcType=TIMESTAMP},
      </if>
      <if test="category != null" >
        #{category,jdbcType=INTEGER},
      </if>
      <if test="author != null" >
        #{author,jdbcType=INTEGER},
      </if>
      <if test="isdel != null" >
        #{isdel,jdbcType=INTEGER},
      </if>
      <if test="noteContent != null" >
        #{noteContent,jdbcType=LONGVARBINARY},
      </if>
    </trim>
  </insert>
  <select id="countByExample" parameterType="com.igeekhome.edu.model.NoteExample" resultType="java.lang.Integer" >
    select count(*) from notes
    <if test="_parameter != null" >
      <include refid="Example_Where_Clause" />
    </if>
  </select>
  <update id="updateByExampleSelective" parameterType="map" >
    update notes
    <set >
      <if test="record.noteId != null" >
        note_id = #{record.noteId,jdbcType=INTEGER},
      </if>
      <if test="record.noteName != null" >
        note_name = #{record.noteName,jdbcType=VARCHAR},
      </if>
      <if test="record.createtime != null" >
        createtime = #{record.createtime,jdbcType=TIMESTAMP},
      </if>
      <if test="record.category != null" >
        category = #{record.category,jdbcType=INTEGER},
      </if>
      <if test="record.author != null" >
        author = #{record.author,jdbcType=INTEGER},
      </if>
      <if test="record.isdel != null" >
        isdel = #{record.isdel,jdbcType=INTEGER},
      </if>
      <if test="record.noteContent != null" >
        note_content = #{record.noteContent,jdbcType=LONGVARBINARY},
      </if>
    </set>
    <if test="_parameter != null" >
      <include refid="Update_By_Example_Where_Clause" />
    </if>
  </update>
  <update id="updateByExampleWithBLOBs" parameterType="map" >
    update notes
    set note_id = #{record.noteId,jdbcType=INTEGER},
      note_name = #{record.noteName,jdbcType=VARCHAR},
      createtime = #{record.createtime,jdbcType=TIMESTAMP},
      category = #{record.category,jdbcType=INTEGER},
      author = #{record.author,jdbcType=INTEGER},
      isdel = #{record.isdel,jdbcType=INTEGER},
      note_content = #{record.noteContent,jdbcType=LONGVARBINARY}
    <if test="_parameter != null" >
      <include refid="Update_By_Example_Where_Clause" />
    </if>
  </update>
  <update id="updateByExample" parameterType="map" >
    update notes
    set note_id = #{record.noteId,jdbcType=INTEGER},
      note_name = #{record.noteName,jdbcType=VARCHAR},
      createtime = #{record.createtime,jdbcType=TIMESTAMP},
      category = #{record.category,jdbcType=INTEGER},
      author = #{record.author,jdbcType=INTEGER},
      isdel = #{record.isdel,jdbcType=INTEGER}
    <if test="_parameter != null" >
      <include refid="Update_By_Example_Where_Clause" />
    </if>
  </update>
  <update id="updateByPrimaryKeySelective" parameterType="com.igeekhome.edu.model.Note" >
    update notes
    <set >
      <if test="noteName != null" >
        note_name = #{noteName,jdbcType=VARCHAR},
      </if>
      <if test="createtime != null" >
        createtime = #{createtime,jdbcType=TIMESTAMP},
      </if>
      <if test="category != null" >
        category = #{category,jdbcType=INTEGER},
      </if>
      <if test="author != null" >
        author = #{author,jdbcType=INTEGER},
      </if>
      <if test="isdel != null" >
        isdel = #{isdel,jdbcType=INTEGER},
      </if>
      <if test="noteContent != null" >
        note_content = #{noteContent,jdbcType=LONGVARBINARY},
      </if>
    </set>
    where note_id = #{noteId,jdbcType=INTEGER}
  </update>
  <update id="updateByPrimaryKeyWithBLOBs" parameterType="com.igeekhome.edu.model.Note" >
    update notes
    set note_name = #{noteName,jdbcType=VARCHAR},
      createtime = #{createtime,jdbcType=TIMESTAMP},
      category = #{category,jdbcType=INTEGER},
      author = #{author,jdbcType=INTEGER},
      isdel = #{isdel,jdbcType=INTEGER},
      note_content = #{noteContent,jdbcType=LONGVARBINARY}
    where note_id = #{noteId,jdbcType=INTEGER}
  </update>
  <update id="updateByPrimaryKey" parameterType="com.igeekhome.edu.model.Note" >
    update notes
    set note_name = #{noteName,jdbcType=VARCHAR},
      createtime = #{createtime,jdbcType=TIMESTAMP},
      category = #{category,jdbcType=INTEGER},
      author = #{author,jdbcType=INTEGER},
      isdel = #{isdel,jdbcType=INTEGER}
    where note_id = #{noteId,jdbcType=INTEGER}
  </update>
</mapper>